multi_anchor_id_ato,texto,objeto_contrato,status_fonte_objeto
10_11.10.2019-R21,"Processo: 070-000.780/2011 - ESPECIE: Contrato de Concessao de Uso Oneroso de Imovel Rural.
NUMERO: 000043/2019-SEAGRI. CONTRATANTES: Distrito Federal, por intermedio da Secretaria de
Estado da Agricultura, Abastecimento e Desenvolvimento Rural do Distrito Federal - Seagri, por delegacao
da Companhia Imobiliaria de Brasilia - Terracap como concedente e EICHI HAYAKAWA, produtor rural,
CPF 003.099.901-49, como concessionario. OBJETO: Lote no 03, Colonia Agricola Riacho Fundo, R.A.
XVII, Riacho Fundo/DF, com area de 11,1633 hectares. EMBASAMENTO LEGAL: art. 18 da Lei Federal
no 12.024/2009; Lei n 5.803/2017; Decreto no 38.125/2017; observadas, ainda, as disposicoes
constitucionais e legais especificas, da Lei Federal no 8.666/1993, da Lei Organica do Distrito Federal, do
Plano Diretor de Ordenamento Territorial do Distrito Federal aprovado pela Lei Complementar no
803/2009, do Estatuto Social da Companhia Imobiliaria de Brasilia - TERRACAP, do Decreto no
26.196/2005 e do Estatuto da Terra (Lei Federal no 4.504/1964), e a aprovacao do Conselho de
Regularizacao das Areas Publicas Rurais do Distrito Federal - COREG, criado pela Lei no 5.346/2014.
VIGENCIA: 30 (trinta) anos contados a partir da data de assinatura do contrato. DATA DE
ASSINATURA: 02/10/2019. P/CONCEDENTE: Dilson Resende de Almeida. P/CONCESSIONARIO:
EICHI HAYAKAWA.","Lote no 03, Colonia Agricola Riacho Fundo, R.A.
XVII, Riacho Fundo/DF, com area de 11,1633 hectares. EMBASAMENTO LEGAL: art. 18 da Lei Federal
no 12.024/2009; Lei n 5.803/2017",gerar
1_31.5.2019-R1,"EXTRATO DE CONTRATO
O BRB - Banco de Brasilia S.A. torna publica a celebracao do contrato de patrocinio junto a OH! ARTES,
PUBLICIDADE, PRODUCAO E EVENTOS LTDA, , projeto Jota Quest Acustico em Brasilia - 25 anos de
sucessos, pelo valor global de ate R$ 70.000,00 (setenta mil reais). Projeto selecionado por intermedio do Programa
BRB de Patrocinios Culturais 2019. Nota Executiva PRESI/SUMAR/GEPAR - 2019/027. Contrato: 2019/058.
Assinatura: 17/05/2019. Vigencia: 360 dias apos a assinatura. Signatarios pelo BRB: Wesley Cavalari Henriques.
Pelo Contratado: Joao Felipe Oliveira Maione Alves. Executor: Wesley Cavalari Henriques. Processo: 330/2019.","O BRB - Banco de Brasilia S.A. torna publica a celebracao do contrato de patrocinio junto a OH! ARTES,
PUBLICIDADE, PRODUCAO E EVENTOS LTDA, , projeto Jota Quest Acustico em Brasilia - 25 anos de
sucessos",gerar
632-R166,"EXTRATO DO CONTRATO Nº 165/2021
Processo: 00150-00003951/2021-41. Das Partes: DF/SECEC/FAC X GIANCARLO MARTINS na qualidade de Contratado (a). Espécie: Contrato nº 165/2021. Nota de Empenho: 00395/2021. Do Objeto: O presente Contrato tem por objeto a prestação de serviços de emissão de análise técnica e de mérito cultural nos projetos a que lhe forem designados; DO VALOR ESTIMADO: 4.475,00 (quatro mil, quatrocentos e setenta e cinco reais) que serão liberados em parcela única e transferidos à conta do (a) Contratado (a), correndo a despesa à conta de dotação orçamentária própria do Programa de Trabalho 13.392.8219.4220.0011-Gestão de Recursos de Fundos-DF - Fonte 100; Natureza de despesa 33.90.35; DA VIGÊNCIA: O contrato terá início na data de assinatura, com duração de 120 (cento e vinte dias). Pelo FAC/SECEC/DF: JOÃO ROBERTO DE OLIVEIRA MORO, Subsecretário de Fomento e Incentivo Cultural; DO EXECUTOR: SUZANA DE BORTOLI LIBRELOTTO, matrícula 242.700-1."," O presente Contrato tem por objeto a prestação de serviços de emissão de análise técnica e de mérito cultural nos projetos",gerar
632-R177,"EXTRATO DO CONTRATO DE PRESTAÇÃO DE SERVIÇO Nº 08/2021
Processo: 00147-00000138/2020-88. Partes: DISTRITO FEDERAL/ADMINISTRAÇÃO REGIONAL DA CANDANGOLÂNDIA, e TOP SERVIÇOS E CONSTRUÇÕES EIRELI. Do procedimento: Edital de Pregão Eletrônico. Objeto: Contratação de empresa especializada para prestação de serviço de manutenção corretiva e/ou preventiva no complexo da Praça do Bosque, com fornecimento de peças, equipamentos, materiais, insumos e mão de obra, sob demanda, especifica o Edital de Pregão Eletrônico nº 110/2020- COLIC/SCG/SPLAN/SEEC-DF (48206153) o Termo de Referência SEI n° 45671622 e a Proposta SEI n° 49576023. VIGENCIA: 16/07/2021 à 15/07/2022. VALOR: R$ 486.795,27 (quatrocentos e oitenta e seis mil setecentos e noventa e cinco reais e vinte e sete centavos). DOTAÇÃO ORÇAMENTÁRIA: Natureza da despesa: 33.90.39; Programa de Trabalho: 04.122.8205.2396.5407; Fonte de Recursos: 100 Nota de Empenho nº 2021NE00136. MODALIDADE: Estimativo. SIGNATÁRIOS: Pelo DISTRITO FEDERAL: JOÃO DANTAS DOS SANTOS, na qualidade de Administrador Regional da Candangolândia. Pela CONTRATADA: ADRIANA VILELA DA SILVA, na qualidade de Representante Legal."," Contratação de empresa especializada para prestação de serviço de manutenção corretiva e/ou preventiva no complexo da Praça do Bosque, com fornecimento de peças, equipamentos, materiais, insumos e mão de obra, sob demanda,",gerar
634-R157,"EXTRATO DO CONTRATO DE CREDENCIAMENTO Nº 99/2021
PRESTAÇÃO DE SERVIÇOS

Processo: 00053-00054013/2019-56. Partes: CBMDF X EQLIBRY - CLÍNICA DE FISIOTERAPIA E RPG LTDA ME, CNPJ nº 23.215.449/0001-72. Objeto: prestação de serviços de especializados em fisioterapia. UO: 73901. PT: 28845090300FM0053. ND: 339039. FR: 100 (FCDF). O empenho inicial é de R$ 1,00 (Um real), conforme Nota de Empenho nº 510/2021, emitida em 04/10/2021, na modalidade ESTIMATIVA. Vigência de 60 (sessenta) meses, a contar da data de assinatura. Fundamento Legal: Inexigibilidade de Licitação nº 109/2021. Assinatura: 06/01/2022. Signatários: Pelo Contratante: Ten-Cel. QOBM/Comb. HELIO PEREIRA LIMA, Diretor de Contratações e Aquisições; pela Contratada: BRUNO PAULO DE JESUS FONSECA, na qualidade de Representante Legal.","prestação de serviços de especializados em fisioterapia. UO: 73901. PT: 28845090300FM0053. ND: 339039. FR: 100 (FCDF).",gerar
638-R25,"EXTRATO DE CONTRATO
O BRB   Banco de Brasília S.A. torna pública a celebração do contrato de patrocínio 2022/060, celebrado junto à KTF Sports Eireli, para realização do projeto Piloto Lucas Foresti   Stock Car 2022 , pelo valor global de R$ 1.850.000,00 (um milhão oitocentos e cinquenta mil reais). Nota Executiva PRESI/SUMAR/GEPAT   2022/011. Assinatura: 11/02/2022. Vigência: 330 dias. Signatários pelo BRB: Paulo Henrique Bezerra Rodrigues Costa e Cristiane Maria Lima Bukowitz. Pelo Contratado: José Roberto Sabathe. Executor: William Roberto Vaz de Oliveira. Processo:225/2022.","projeto Piloto Lucas Foresti   Stock Car 2022",gerar
